key,位置,简体中文,日语,英语,法语,意大利语,德语,西班牙语（西班牙）,阿拉伯语,韩语,葡萄牙语（巴西）,俄语,繁体中文,波兰语,备注
resource.category.promo,资源类,宣传文件,宣伝資料,Promotional File,Fichier promotionnel,File promozionale,Werbedatei,Archivo promocional,ملف ترويجي,홍보 파일,Arquivo promocional,Рекламный файл,宣傳文件,Plik promocyjny,资源类
resource.category.development,资源类,开发文件,開発資料,Development File,Fichier de développement,File di sviluppo,Entwicklungsdatei,Archivo de desarrollo,ملف تطوير,개발 파일,Arquivo de desenvolvimento,Файл разработки,開發文件,Plik deweloperski,资源类
resource.category.results,资源类,成绩文件,成績資料,Results File,Fichier de résultats,File dei risultati,Ergebnisdatei,Archivo de resultados,ملف النتائج,결과 파일,Arquivo de resultados,Файл результатов,成績文件,Plik wyników,资源类
resource.category.resource,资源类,资源文件,リソースファイル,Resource File,Fichier de ressources,File di risorse,Ressourcendatei,Archivo de recursos,ملف موارد,리소스 파일,Arquivo de recursos,Файл ресурсов,資源文件,Plik zasobów,资源类
resource.category.minigame,资源类,迷你游戏,ミニゲーム,Mini Game,Mini-jeu,Minigioco,Minispiel,Minijuego,لعبة مصغرة,미니게임,Minijogo,Мини-игра,迷你遊戲,Minigra,资源类
resource.name.001,资源名：JFES130；分类：成绩文件,1000m成绩,1000m成績,1000m Results,Résultats de 1000 m,Risultati di 1000 m,1000 m-Ergebnisse,Resultados de 1000 m,نتائج 1000م,1000m 결과,Resultados de 1000 m,Результаты: 1000 м,1000m成績,Wyniki: 1000 m,资源名
resource.name.002,资源名：JFES120；分类：资源文件,1F仓库帆船图案文件,1F倉庫の帆船模様ファイル,1F Warehouse Sailboat Pattern File,Fichier de motif Voilier – Entrepôt 1F,File motivo Barca a vela – Magazzino 1F,1F Lager Segelboot-Mustervorlage,Archivo de patrón de Velero – Almacén 1F,ملف نقشة قارب شراعي – المستودع 1F,1F 창고 범선 패턴 파일,Arquivo de padrão de Barco à vela – Armazém 1F,Файл узора «Парусник» — Склад (1F),1F倉庫帆船圖案文件,Plik wzoru Żaglówka – Magazyn 1F,资源名
resource.name.003,资源名：JFES120；分类：资源文件,1F地图,1Fマップ,1F Map,Carte 1F,Mappa 1F,1F-Karte,Mapa 1F,خريطة الطابق 1,1F 지도,Mapa 1F,Карта 1F,1F地圖,Mapa 1F,资源名
resource.name.004,资源名：JFES120；分类：资源文件,1F父房飞鸟图案文件,1F父の部屋の鳥模様ファイル,1F Father’s Room Bird Pattern File,Fichier de motif Oiseau – Chambre du père 1F,File motivo Uccello – Stanza del padre 1F,1F Vaterzimmer Vogel-Mustervorlage,Archivo de patrón de Pájaro – Habitación del padre 1F,ملف نقشة طائر – غرفة الأب 1F,1F 아버지의 방 새 패턴 파일,Arquivo de padrão de Pássaro – Quarto do pai 1F,Файл узора «Птица» — Комната отца (1F),1F父房飛鳥圖案文件,Plik wzoru Ptak – Pokój ojca 1F,资源名
resource.name.005,资源名：JFES120；分类：资源文件,1F客厅小鱼图案文件,1Fリビングの魚模様ファイル,1F Living Room Fish Pattern File,Fichier de motif Poisson – Salon 1F,File motivo Pesce – Soggiorno 1F,1F Wohnzimmer Fisch-Mustervorlage,Archivo de patrón de Pez – Salón 1F,ملف نقشة سمكة – غرفة المعيشة 1F,1F 거실 물고기 패턴 파일,Arquivo de padrão de Peixe – Sala de estar 1F,Файл узора «Рыба» — Гостиная (1F),1F客廳小魚圖案文件,Plik wzoru Ryba – Salon 1F,资源名
resource.name.006,资源名：JFES120；分类：资源文件,2F地图,2Fマップ,2F Map,Carte 2F,Mappa 2F,2F-Karte,Mapa 2F,خريطة الطابق 2,2F 지도,Mapa 2F,Карта 2F,2F地圖,Mapa 2F,资源名
resource.name.007,资源名：JFES120；分类：资源文件,2F书房椰树图案文件,2F書斎のヤシの木模様ファイル,2F Study Palm Tree Pattern File,Fichier de motif Palmier – Bureau 2F,File motivo Palma – Studio 2F,2F Arbeitszimmer Palme-Mustervorlage,Archivo de patrón de Palmera – Despacho 2F,ملف نقشة نخلة – غرفة الدراسة 2F,2F 서재 야자수 패턴 파일,Arquivo de padrão de Palmeira – Escritório 2F,Файл узора «Пальма» — Кабинет (2F),2F書房椰子樹圖案文件,Plik wzoru Palma – Gabinet 2F,资源名
resource.name.008,资源名：JFES120；分类：资源文件,3F地图,3Fマップ,3F Map,Carte 3F,Mappa 3F,3F-Karte,Mapa 3F,خريطة الطابق 3,3F 지도,Mapa 3F,Карта 3F,3F地圖,Mapa 3F,资源名
resource.name.009,资源名：JFES180；分类：成绩文件,800m成绩,800m成績,800m Results,Résultats de 800 m,Risultati di 800 m,800 m-Ergebnisse,Resultados de 800 m,نتائج 800م,800m 결과,Resultados de 800 m,Результаты: 800 м,800m成績,Wyniki: 800 m,资源名
resource.name.010,资源名：JFES180；分类：资源文件,白玉汤通缉令,白玉汤の手配書,Baiyutang Wanted Poster,Avis de recherche : Baiyutang,Manifesto dei ricercati: Baiyutang,Steckbrief: Baiyutang,Cartel de búsqueda: Baiyutang,ملصق مطلوب: Baiyutang,白玉汤 수배 전단,Cartaz de procurado: Baiyutang,Плакат «Разыскивается»: Baiyutang,白玉湯通緝令,List gończy: Baiyutang,资源名
resource.name.011,资源名：JFES130；分类：成绩文件,棒球成绩,野球成績,Baseball Results,Résultats de Baseball,Risultati di Baseball,Baseball-Ergebnisse,Resultados de Béisbol,نتائج بيسبول,야구 결과,Resultados de Beisebol,Результаты: Бейсбол,棒球成績,Wyniki: Baseball,资源名
resource.name.012,"资源名：JFES130,JFES180；分类：资源文件",彼得通缉令,彼得の手配書,Bide Wanted Poster,Avis de recherche : Bide,Manifesto dei ricercati: Bide,Steckbrief: Bide,Cartel de búsqueda: Bide,ملصق مطلوب: Bide,彼得 수배 전단,Cartaz de procurado: Bide,Плакат «Разыскивается»: Bide,彼得通緝令,List gończy: Bide,资源名
resource.name.013,资源名：JFES160；分类：宣传文件,表情塔,絵文字タワー,Emoji Tower,Tour emoji,Torre emoji,Emoji-Turm,Torre emoji,برج الإيموجي,이모지 타워,Torre de emojis,Башня эмодзи,表情塔,Wieża emoji,资源名
resource.name.014,资源名：JFES160；分类：宣传文件,表情塔说明,絵文字タワーの説明,Emoji Tower Description,Description de la Tour emoji,Descrizione della Torre emoji,Beschreibung des Emoji-Turms,Descripción de la Torre emoji,وصف برج الإيموجي,이모지 타워 설명,Descrição da Torre de emojis,Описание башни эмодзи,表情塔說明,Opis Wieży emoji,资源名
resource.name.015,资源名：JFES180；分类：成绩文件,冰球成绩,アイスホッケー成績,Ice Hockey Results,Résultats de Hockey sur glace,Risultati di Hockey su ghiaccio,Eishockey-Ergebnisse,Resultados de Hockey sobre hielo,نتائج هوكي الجليد,아이스하키 결과,Resultados de Hóquei no gelo,Результаты: Хоккей,冰球成績,Wyniki: Hokej na lodzie,资源名
resource.name.016,资源名：JFES180；分类：宣传文件,残奥会比赛日项目介绍,パラリンピック競技日プログラム紹介,Paralympic Competition Day Events,Présentation des épreuves des jours de compétition paralympique,Introduzione agli eventi delle giornate paralimpiche,Vorstellung der Paralympics-Wettkampftage,Presentación de las pruebas de los días de competición paralímpica,تعريف فعاليات أيام منافسات الألعاب البارالمبية,패럴림픽 경기일 종목 소개,Apresentação dos eventos dos dias de competição paralímpica,Обзор соревнований по дням Паралимпиады,殘奧會比賽日項目介紹,Wprowadzenie do konkurencji dni paraolimpijskich,资源名
resource.name.017,资源名：JFES180；分类：成绩文件,残奥会成绩,パラリンピック成績,Paralympics Results,Résultats de Jeux paralympiques,Risultati di Paralimpiadi,Paralympics-Ergebnisse,Resultados de Juegos Paralímpicos,نتائج الألعاب البارالمبية,패럴림픽 결과,Resultados de Paralimpíadas,Результаты: Паралимпиада,殘奧會成績,Wyniki: Paralimpiada,资源名
resource.name.018,资源名：JFES180；分类：宣传文件,残奥会规则,パラリンピックのルール,Paralympics Rules,Règles des Jeux paralympiques,Regole delle Paralimpiadi,Paralympics-Regeln,Reglas de los Juegos Paralímpicos,قواعد الألعاب البارالمبية,패럴림픽 규칙,Regras das Paralimpíadas,Правила Паралимпиады,殘奧會規則,Zasady Paralimpiady,资源名
resource.name.019,资源名：JFES120；分类：宣传文件,尝试,試み,Attempt,Essai,Tentativo,Versuch,Intento,محاولة,시도,Tentativa,Попытка,嘗試,Próba,资源名
resource.name.020,资源名：JFES110；分类：宣传文件,成就,実績,Achievements,Succès,Obiettivi,Erfolge,Logros,الإنجازات,업적,Conquistas,Достижения,成就,Osiągnięcia,资源名
resource.name.021,资源名：JFES150；分类：资源文件,船票其二,乗船券 その2,Ticket No. 2,Billet n° 2,Biglietto n. 2,Ticket Nr. 2,Billete n.º 2,تذكرة رقم 2,승선권 2,Bilhete n.º 2,Билет № 2,船票其2,Bilet nr 2,资源名
resource.name.022,资源名：JFES150；分类：资源文件,船票其六,乗船券 その6,Ticket No. 6,Billet n° 6,Biglietto n. 6,Ticket Nr. 6,Billete n.º 6,تذكرة رقم 6,승선권 6,Bilhete n.º 6,Билет № 6,船票其6,Bilet nr 6,资源名
resource.name.023,资源名：JFES150；分类：资源文件,船票其三,乗船券 その3,Ticket No. 3,Billet n° 3,Biglietto n. 3,Ticket Nr. 3,Billete n.º 3,تذكرة رقم 3,승선권 3,Bilhete n.º 3,Билет № 3,船票其3,Bilet nr 3,资源名
resource.name.024,资源名：JFES150；分类：资源文件,船票其四,乗船券 その4,Ticket No. 4,Billet n° 4,Biglietto n. 4,Ticket Nr. 4,Billete n.º 4,تذكرة رقم 4,승선권 4,Bilhete n.º 4,Билет № 4,船票其4,Bilet nr 4,资源名
resource.name.025,资源名：JFES150；分类：资源文件,船票其五,乗船券 その5,Ticket No. 5,Billet n° 5,Biglietto n. 5,Ticket Nr. 5,Billete n.º 5,تذكرة رقم 5,승선권 5,Bilhete n.º 5,Билет № 5,船票其5,Bilet nr 5,资源名
resource.name.026,资源名：JFES150；分类：资源文件,船票其一,乗船券 その1,Ticket No. 1,Billet n° 1,Biglietto n. 1,Ticket Nr. 1,Billete n.º 1,تذكرة رقم 1,승선권 1,Bilhete n.º 1,Билет № 1,船票其1,Bilet nr 1,资源名
resource.name.027,"资源名：JFES130,JFES180；分类：资源文件",脆通缉令,脆の手配書,Cui Wanted Poster,Avis de recherche : Cui,Manifesto dei ricercati: Cui,Steckbrief: Cui,Cartel de búsqueda: Cui,ملصق مطلوب: Cui,脆 수배 전단,Cartaz de procurado: Cui,Плакат «Разыскивается»: Cui,脆通緝令,List gończy: Cui,资源名
resource.name.028,资源名：JFES110；分类：迷你游戏,打地鼠,モグラたたき,Whack-a-Mole,Tape-taupe,Acchiappa la talpa,Whack-a-Mole,Golpea al topo,اضرب الخلد,두더지 잡기,Bata na Toupeira,Ударь крота,打地鼠,Kret,资源名
resource.name.029,资源名：JFES175；分类：宣传文件,倒计时1天,カウントダウン1日,Countdown: 1 Day,Compte à rebours : 1 jour,Conto alla rovescia: 1 giorno,Countdown: 1 Tag,Cuenta atrás: 1 día,العد التنازلي: 1 يوم,카운트다운: 1일,Contagem regressiva: 1 dia,Обратный отсчёт: 1 день,倒數1天,Odliczanie: 1 dzień,资源名
resource.name.030,资源名：JFES175；分类：宣传文件,倒计时2天,カウントダウン2日,Countdown: 2 Days,Compte à rebours : 2 jours,Conto alla rovescia: 2 giorni,Countdown: 2 Tage,Cuenta atrás: 2 días,العد التنازلي: 2 أيام,카운트다운: 2일,Contagem regressiva: 2 dias,Обратный отсчёт: 2 дня,倒數2天,Odliczanie: 2 dni,资源名
resource.name.031,资源名：JFES175；分类：宣传文件,倒计时3天,カウントダウン3日,Countdown: 3 Days,Compte à rebours : 3 jours,Conto alla rovescia: 3 giorni,Countdown: 3 Tage,Cuenta atrás: 3 días,العد التنازلي: 3 أيام,카운트다운: 3일,Contagem regressiva: 3 dias,Обратный отсчёт: 3 дня,倒數3天,Odliczanie: 3 dni,资源名
resource.name.032,资源名：JFES115；分类：资源文件,地铁卡,地下鉄カード,Subway Card,Carte de métro,Tessera della metropolitana,U-Bahn-Karte,Tarjeta de metro,بطاقة المترو,지하철 카드,Cartão de metrô,Карта метро,地鐵卡,Karta metra,资源名
resource.name.033,"资源名：JFES110,JFES115,JFES150,JFES175；分类：资源文件/宣传文件",地图,マップ,Map,Carte,Mappa,Karte,Mapa,خريطة,지도,Mapa,Карта,地圖,Mapa,资源名
resource.name.034,资源名：JFES180；分类：成绩文件,低重力游泳成绩,低重力水泳成績,Low-Gravity Swimming Results,Résultats de Natation à faible gravité,Risultati di Nuoto a bassa gravità,Schwimmen bei niedriger Schwerkraft-Ergebnisse,Resultados de Natación de baja gravedad,نتائج سباحة منخفضة الجاذبية,저중력 수영 결과,Resultados de Natação de baixa gravidade,Результаты: Плавание при низкой гравитации,低重力游泳成績,Wyniki: Pływanie w niskiej grawitacji,资源名
resource.name.035,"资源名：JFES130,JFES180；分类：宣传文件",第二天规则,第2日のルール,Day 2 Rules,Règles du jour 2,Regole del giorno 2,Tag 2-Regeln,Reglas del día 2,قواعد اليوم 2,2일차 규칙,Regras do dia 2,Правила: День 2,第2天規則,Zasady – Dzień 2,资源名
resource.name.036,资源名：JFES130；分类：资源文件,第六天地图,第6日マップ,Day 6 Map,Carte du jour 6,Mappa del giorno 6,Tag 6-Karte,Mapa del día 6,خريطة اليوم 6,6일차 지도,Mapa do dia 6,Карта: День 6,第6天地圖,Mapa – Dzień 6,资源名
resource.name.037,"资源名：JFES130,JFES180；分类：宣传文件",第六天规则,第6日のルール,Day 6 Rules,Règles du jour 6,Regole del giorno 6,Tag 6-Regeln,Reglas del día 6,قواعد اليوم 6,6일차 규칙,Regras do dia 6,Правила: День 6,第6天規則,Zasady – Dzień 6,资源名
resource.name.038,资源名：JFES130；分类：资源文件,第三天地图,第3日マップ,Day 3 Map,Carte du jour 3,Mappa del giorno 3,Tag 3-Karte,Mapa del día 3,خريطة اليوم 3,3일차 지도,Mapa do dia 3,Карта: День 3,第3天地圖,Mapa – Dzień 3,资源名
resource.name.039,"资源名：JFES130,JFES180；分类：宣传文件",第三天规则,第3日のルール,Day 3 Rules,Règles du jour 3,Regole del giorno 3,Tag 3-Regeln,Reglas del día 3,قواعد اليوم 3,3일차 규칙,Regras do dia 3,Правила: День 3,第3天規則,Zasady – Dzień 3,资源名
resource.name.040,资源名：JFES130；分类：资源文件,第四天地图,第4日マップ,Day 4 Map,Carte du jour 4,Mappa del giorno 4,Tag 4-Karte,Mapa del día 4,خريطة اليوم 4,4일차 지도,Mapa do dia 4,Карта: День 4,第4天地圖,Mapa – Dzień 4,资源名
resource.name.041,"资源名：JFES130,JFES180；分类：宣传文件",第四天规则,第4日のルール,Day 4 Rules,Règles du jour 4,Regole del giorno 4,Tag 4-Regeln,Reglas del día 4,قواعد اليوم 4,4일차 규칙,Regras do dia 4,Правила: День 4,第4天規則,Zasady – Dzień 4,资源名
resource.name.042,资源名：JFES130；分类：资源文件,第五天地图,第5日マップ,Day 5 Map,Carte du jour 5,Mappa del giorno 5,Tag 5-Karte,Mapa del día 5,خريطة اليوم 5,5일차 지도,Mapa do dia 5,Карта: День 5,第5天地圖,Mapa – Dzień 5,资源名
resource.name.043,"资源名：JFES130,JFES180；分类：宣传文件",第五天规则,第5日のルール,Day 5 Rules,Règles du jour 5,Regole del giorno 5,Tag 5-Regeln,Reglas del día 5,قواعد اليوم 5,5일차 규칙,Regras do dia 5,Правила: День 5,第5天規則,Zasady – Dzień 5,资源名
resource.name.044,"资源名：JFES130,JFES180；分类：宣传文件",第一天规则,第1日のルール,Day 1 Rules,Règles du jour 1,Regole del giorno 1,Tag 1-Regeln,Reglas del día 1,قواعد اليوم 1,1일차 규칙,Regras do dia 1,Правила: День 1,第1天規則,Zasady – Dzień 1,资源名
resource.name.045,资源名：JFES180；分类：资源文件,掉线通缉令,掉线の手配書,Diaoxian Wanted Poster,Avis de recherche : Diaoxian,Manifesto dei ricercati: Diaoxian,Steckbrief: Diaoxian,Cartel de búsqueda: Diaoxian,ملصق مطلوب: Diaoxian,掉线 수배 전단,Cartaz de procurado: Diaoxian,Плакат «Разыскивается»: Diaoxian,掉線通緝令,List gończy: Diaoxian,资源名
resource.name.046,资源名：JFES180；分类：成绩文件,动态高尔夫成绩,ダイナミックゴルフ成績,Dynamic Golf Results,Résultats de Golf dynamique,Risultati di Golf dinamico,Dynamisches Golf-Ergebnisse,Resultados de Golf dinámico,نتائج غولف ديناميكي,다이내믹 골프 결과,Resultados de Golfe dinâmico,Результаты: Динамичный гольф,動態高爾夫成績,Wyniki: Dynamiczny golf,资源名
resource.name.047,资源名：JFES180；分类：成绩文件,躲避球成绩,ドッジボール成績,Dodgeball Results,Résultats de Ballon chasseur,Risultati di Palla avvelenata,Völkerball-Ergebnisse,Resultados de Balón prisionero,نتائج كرة التفادي,피구 결과,Resultados de Queimada,Результаты: Вышибалы,躲避球成績,Wyniki: Dwa ognie,资源名
resource.name.048,资源名：JFES180；分类：成绩文件,二维跨栏成绩,2Dハードル成績,2D Hurdles Results,Résultats de Haies 2D,Risultati di Ostacoli 2D,2D-Hürden-Ergebnisse,Resultados de Vallas 2D,نتائج حواجز ثنائية الأبعاد,2D 허들 결과,Resultados de Barreiras 2D,Результаты: 2D-барьеры,2D跨欄成績,Wyniki: Płotki 2D,资源名
resource.name.049,"资源名：JFES120,JFES130,JFES140；分类：开发文件",废案,ボツ案,Cut Content,Contenu abandonné,Contenuto scartato,Verworfenes Material,Contenido descartado,محتوى ملغى,폐기된 콘텐츠,Conteúdo descartado,Отменённый контент,廢案,Porzucona zawartość,资源名
resource.name.050,资源名：JFES180；分类：成绩文件,风力跳远成绩,風力走り幅跳び成績,Wind Long Jump Results,Résultats de Saut en longueur éolien,Risultati di Salto in lungo col vento,Wind-Weitsprung-Ergebnisse,Resultados de Salto de longitud con viento,نتائج الوثب الطويل بالرياح,바람 멀리뛰기 결과,Resultados de Salto em distância com vento,Результаты: Прыжки в длину с ветром,風力跳遠成績,Wyniki: Skok w dal z wiatrem,资源名
resource.name.051,资源名：JFES180；分类：成绩文件,蜂窝三项成绩,ハニカムトライアスロン成績,Honeycomb Triathlon Results,Résultats de Triathlon alvéolé,Risultati di Triathlon a nido d’ape,Waben-Triathlon-Ergebnisse,Resultados de Triatlón de panal,نتائج الترياثلون السداسي,허니콤 트라이애슬론 결과,Resultados de Triatlo de colmeia,Результаты: Сотовый триатлон,蜂窩三項成績,Wyniki: Triathlon plastra miodu,资源名
resource.name.052,资源名：JFES130；分类：成绩文件,高尔夫成绩,ゴルフ成績,Golf Results,Résultats de Golf,Risultati di Golf,Golf-Ergebnisse,Resultados de Golf,نتائج غولف,골프 결과,Resultados de Golfe,Результаты: Гольф,高爾夫成績,Wyniki: Golf,资源名
resource.name.053,资源名：JFES140；分类：宣传文件,后半说明,後半の説明,Second Half Description,Description de la seconde moitié,Descrizione della seconda metà,Beschreibung der zweiten Hälfte,Descripción de la segunda mitad,وصف النصف الثاني,후반 설명,Descrição da segunda metade,Описание второй половины,後半說明,Opis drugiej części,资源名
resource.name.054,资源名：JFES180；分类：成绩文件,滑雪成绩,スキー成績,Skiing Results,Résultats de Ski,Risultati di Sci,Skifahren-Ergebnisse,Resultados de Esquí,نتائج تزلج,스키 결과,Resultados de Esqui,Результаты: Лыжи,滑雪成績,Wyniki: Narciarstwo,资源名
resource.name.055,"资源名：JFES130,JFES180；分类：资源文件",火锅通缉令,火锅の手配書,Huoguo Wanted Poster,Avis de recherche : Huoguo,Manifesto dei ricercati: Huoguo,Steckbrief: Huoguo,Cartel de búsqueda: Huoguo,ملصق مطلوب: Huoguo,火锅 수배 전단,Cartaz de procurado: Huoguo,Плакат «Разыскивается»: Huoguo,火鍋通緝令,List gończy: Huoguo,资源名
resource.name.056,资源名：JFES120；分类：宣传文件,机制,仕組み,Mechanics,Mécaniques,Meccaniche,Mechaniken,Mecánicas,الآليات,메커니즘,Mecânicas,Механики,機制,Mechanika,资源名
resource.name.057,资源名：JFES120；分类：宣传文件,技能,スキル,Skills,Compétences,Abilità,Fähigkeiten,Habilidades,المهارات,스킬,Habilidades,Навыки,技能,Umiejętności,资源名
resource.name.058,资源名：JFES130；分类：资源文件,煎炸的豬经典构成,煎炸的豬 クラシック構成,JianZha Pig Classic Composition,Composition classique de JianZha Pig,Composizione classica di JianZha Pig,JianZha Pig – Klassische Komposition,Composición clásica de JianZha Pig,التركيبة الكلاسيكية لـ JianZha Pig,JianZha Pig 클래식 구성,Composição clássica de JianZha Pig,Классическая композиция JianZha Pig,煎炸的豬經典構成,Klasyczny skład JianZha Pig,资源名
resource.name.059,资源名：JFES175；分类：宣传文件,煎炸发行25~26财年报告,JianZha Publishing 25～26会計年度報告,JianZha Publishing FY25–26 Report,Rapport exercice 25-26 de JianZha Publishing,Rapporto fiscale 25-26 di JianZha Publishing,JianZha Publishing Geschäftsbericht 25–26,Informe fiscal 25-26 de JianZha Publishing,تقرير السنة المالية 25–26 لـ JianZha Publishing,JianZha Publishing 25~26 회계연도 보고서,Relatório do ano fiscal 25–26 da JianZha Publishing,Отчёт JianZha Publishing за 25–26 финансовый год,JianZha Publishing 25～26財年報告,Raport roku obrotowego 25–26 JianZha Publishing,资源名
resource.name.060,资源名：JFES140；分类：宣传文件,煎炸基绝命危机,JFC MDモード,JFC: MD Mode,JFC : Mode MD,JFC: Modalità MD,JFC: MD-Modus,JFC: Modo MD,JFC: وضع MD,JFC: MD 모드,JFC: Modo MD,JFC: Режим MD,JFC：絕命危機模式,JFC: Tryb MD,资源名
resource.name.061,"资源名：JFES130,JFES180；分类：资源文件",咖啡豆通缉令,咖啡豆の手配書,Kafeidou Wanted Poster,Avis de recherche : Kafeidou,Manifesto dei ricercati: Kafeidou,Steckbrief: Kafeidou,Cartel de búsqueda: Kafeidou,ملصق مطلوب: Kafeidou,咖啡豆 수배 전단,Cartaz de procurado: Kafeidou,Плакат «Разыскивается»: Kafeidou,咖啡豆通緝令,List gończy: Kafeidou,资源名
resource.name.062,资源名：JFES130；分类：成绩文件,跨栏成绩,ハードル成績,Hurdles Results,Résultats de Haies,Risultati di Ostacoli,Hürden-Ergebnisse,Resultados de Vallas,نتائج حواجز,허들 결과,Resultados de Barreiras,Результаты: Барьеры,跨欄成績,Wyniki: Płotki,资源名
resource.name.063,资源名：JFES130；分类：成绩文件,篮球成绩,バスケットボール成績,Basketball Results,Résultats de Basket-ball,Risultati di Pallacanestro,Basketball-Ergebnisse,Resultados de Baloncesto,نتائج كرة السلة,농구 결과,Resultados de Basquete,Результаты: Баскетбол,籃球成績,Wyniki: Koszykówka,资源名
resource.name.064,资源名：JFES180；分类：成绩文件,马拉松成绩,マラソン成績,Marathon Results,Résultats de Marathon,Risultati di Maratona,Marathon-Ergebnisse,Resultados de Maratón,نتائج ماراثون,마라톤 결과,Resultados de Maratona,Результаты: Марафон,馬拉松成績,Wyniki: Maraton,资源名
resource.name.065,资源名：JFES180；分类：宣传文件,马拉松规则,マラソンのルール,Marathon Rules,Règles du marathon,Regole della maratona,Marathon-Regeln,Reglas del maratón,قواعد الماراثون,마라톤 규칙,Regras da maratona,Правила марафона,馬拉松規則,Zasady maratonu,资源名
resource.name.066,资源名：*；分类：迷你游戏,迷你游戏,ミニゲーム,Mini Game,Mini-jeu,Minigioco,Minispiel,Minijuego,لعبة مصغرة,미니게임,Minijogo,Мини-игра,迷你遊戲,Minigra,资源名
resource.name.067,资源名：JFES130；分类：成绩文件,攀岩成绩,クライミング成績,Rock Climbing Results,Résultats de Escalade,Risultati di Arrampicata,Klettern-Ergebnisse,Resultados de Escalada,نتائج تسلق الصخور,암벽 등반 결과,Resultados de Escalada,Результаты: Скалолазание,攀岩成績,Wyniki: Wspinaczka,资源名
resource.name.068,资源名：JFES180；分类：成绩文件,平衡搏击成绩,バランス格闘成績,Balance Brawl Results,Résultats de Combat d’équilibre,Risultati di Combattimento in equilibrio,Balance-Kampf-Ergebnisse,Resultados de Combate de equilibrio,نتائج قتال التوازن,밸런스 격투 결과,Resultados de Combate de equilíbrio,Результаты: Бой на равновесие,平衡搏擊成績,Wyniki: Walka na równowagę,资源名
resource.name.069,资源名：JFES130；分类：成绩文件,平衡木成绩,平均台成績,Balance Beam Results,Résultats de Poutre,Risultati di Trave,Schwebebalken-Ergebnisse,Resultados de Barra de equilibrio,نتائج عارضة التوازن,평균대 결과,Resultados de Trave de equilíbrio,Результаты: Бревно,平衡木成績,Wyniki: Równoważnia,资源名
resource.name.070,"资源名：JFES130,JFES180；分类：资源文件",企鹅通缉令,企鹅の手配書,Qi'e Wanted Poster,Avis de recherche : Qi'e,Manifesto dei ricercati: Qi'e,Steckbrief: Qi'e,Cartel de búsqueda: Qi'e,ملصق مطلوب: Qi'e,企鹅 수배 전단,Cartaz de procurado: Qi'e,Плакат «Разыскивается»: Qi'e,企鵝通緝令,List gończy: Qi'e,资源名
resource.name.071,资源名：JFES160；分类：资源文件,前半地图,前半マップ,First Half Map,Carte de la première moitié,Mappa della prima metà,Karte der ersten Hälfte,Mapa de la primera mitad,خريطة النصف الأول,전반 지도,Mapa da primeira metade,Карта первой половины,前半地圖,Mapa pierwszej części,资源名
resource.name.072,资源名：JFES140；分类：宣传文件,前半说明,前半の説明,First Half Description,Description de la première moitié,Descrizione della prima metà,Beschreibung der ersten Hälfte,Descripción de la primera mitad,وصف النصف الأول,전반 설명,Descrição da primeira metade,Описание первой половины,前半說明,Opis pierwszej części,资源名
resource.name.073,资源名：JFES130；分类：成绩文件,拳击成绩,ボクシング成績,Boxing Results,Résultats de Boxe,Risultati di Boxe,Boxen-Ergebnisse,Resultados de Boxeo,نتائج ملاكمة,복싱 결과,Resultados de Boxe,Результаты: Бокс,拳擊成績,Wyniki: Boks,资源名
resource.name.074,资源名：JFES110；分类：资源文件,如果在现实,もし現実だったら,If in Reality,Si c’était réel,Se fosse reale,Wenn es real wäre,Si fuera real,لو كان في الواقع,현실이라면,Se fosse real,Если бы это было реально,如果在現實,Gdyby to było realne,资源名
resource.name.075,"资源名：JFES130,JFES180；分类：资源文件",赛季最佳爱的付出选手,シーズン最高の献身選手,Season Best Dedication Player,Meilleur joueur de la saison : Dévouement,Miglior giocatore della stagione: Dedizione,Bester Spieler der Saison: Hingabe,Mejor jugador de la temporada: Dedicación,أفضل لاعب في الموسم: التفاني,시즌 최고 헌신 선수,Melhor jogador da temporada: Dedicação,Лучший игрок сезона в категории «Преданность»,賽季最佳愛的付出選手,Najlepszy zawodnik sezonu: Poświęcenie,资源名
resource.name.076,"资源名：JFES130,JFES180；分类：资源文件",赛季最佳爱的付出选手提名,ノミネート：シーズン最高の献身選手,Nominee: Season Best Dedication Player,Nomination : meilleur joueur de la saison – Dévouement,Candidatura: miglior giocatore della stagione – Dedizione,Nominiert: bester Spieler der Saison – Hingabe,Nominación: mejor jugador de la temporada – Dedicación,ترشيح: أفضل لاعب في الموسم – التفاني,시즌 최고 헌신 선수 후보,Indicado: melhor jogador da temporada – Dedicação,Номинация: лучший игрок сезона в категории «Преданность»,賽季最佳愛的付出選手提名,Nominacja: najlepszy zawodnik sezonu – Poświęcenie,资源名
resource.name.077,资源名：JFES180；分类：资源文件,赛季最佳爆冷选手,シーズン最高の大番狂わせ選手,Season Best Upset Player,Meilleur joueur de la saison : Exploit,Miglior giocatore della stagione: Sorpresa,Bester Spieler der Saison: Überraschung,Mejor jugador de la temporada: Sorpresa,أفضل لاعب في الموسم: المفاجأة,시즌 최고 이변 선수,Melhor jogador da temporada: Surpresa,Лучший игрок сезона в категории «Сенсация»,賽季最佳爆冷門選手,Najlepszy zawodnik sezonu: Sensacja,资源名
resource.name.078,资源名：JFES180；分类：资源文件,赛季最佳爆冷选手提名,ノミネート：シーズン最高の大番狂わせ選手,Nominee: Season Best Upset Player,Nomination : meilleur joueur de la saison – Exploit,Candidatura: miglior giocatore della stagione – Sorpresa,Nominiert: bester Spieler der Saison – Überraschung,Nominación: mejor jugador de la temporada – Sorpresa,ترشيح: أفضل لاعب في الموسم – المفاجأة,시즌 최고 이변 선수 후보,Indicado: melhor jogador da temporada – Surpresa,Номинация: лучший игрок сезона в категории «Сенсация»,賽季最佳爆冷門選手提名,Nominacja: najlepszy zawodnik sezonu – Sensacja,资源名
resource.name.079,资源名：JFES130；分类：资源文件,赛季最佳持续选手,シーズン最高の継続選手,Season Best Endurance Player,Meilleur joueur de la saison : Endurance,Miglior giocatore della stagione: Resistenza,Bester Spieler der Saison: Ausdauer,Mejor jugador de la temporada: Resistencia,أفضل لاعب في الموسم: التحمل,시즌 최고 지구력 선수,Melhor jogador da temporada: Resistência,Лучший игрок сезона в категории «Выносливость»,賽季最佳持續選手,Najlepszy zawodnik sezonu: Wytrzymałość,资源名
resource.name.080,资源名：JFES130；分类：资源文件,赛季最佳持续选手提名,ノミネート：シーズン最高の継続選手,Nominee: Season Best Endurance Player,Nomination : meilleur joueur de la saison – Endurance,Candidatura: miglior giocatore della stagione – Resistenza,Nominiert: bester Spieler der Saison – Ausdauer,Nominación: mejor jugador de la temporada – Resistencia,ترشيح: أفضل لاعب في الموسم – التحمل,시즌 최고 지구력 선수 후보,Indicado: melhor jogador da temporada – Resistência,Номинация: лучший игрок сезона в категории «Выносливость»,賽季最佳持續選手提名,Nominacja: najlepszy zawodnik sezonu – Wytrzymałość,资源名
resource.name.081,资源名：JFES180；分类：资源文件,赛季最佳冬季运动选手,シーズン最高のウィンタースポーツ選手,Season Best Winter Sports Player,Meilleur joueur de la saison : Sports d’hiver,Miglior giocatore della stagione: Sport invernali,Bester Spieler der Saison: Wintersport,Mejor jugador de la temporada: Deportes de invierno,أفضل لاعب في الموسم: الرياضات الشتوية,시즌 최고 동계 스포츠 선수,Melhor jogador da temporada: Esportes de inverno,Лучший игрок сезона в категории «Зимние виды спорта»,賽季最佳冬季運動選手,Najlepszy zawodnik sezonu: Sporty zimowe,资源名
resource.name.082,资源名：JFES180；分类：资源文件,赛季最佳冬季运动选手提名,ノミネート：シーズン最高のウィンタースポーツ選手,Nominee: Season Best Winter Sports Player,Nomination : meilleur joueur de la saison – Sports d’hiver,Candidatura: miglior giocatore della stagione – Sport invernali,Nominiert: bester Spieler der Saison – Wintersport,Nominación: mejor jugador de la temporada – Deportes de invierno,ترشيح: أفضل لاعب في الموسم – الرياضات الشتوية,시즌 최고 동계 스포츠 선수 후보,Indicado: melhor jogador da temporada – Esportes de inverno,Номинация: лучший игрок сезона в категории «Зимние виды спорта»,賽季最佳冬季運動選手提名,Nominacja: najlepszy zawodnik sezonu – Sporty zimowe,资源名
resource.name.083,"资源名：JFES130,JFES180；分类：资源文件",赛季最佳独立选手,シーズン最高のインディー選手,Season Best Indie Player,Meilleur joueur de la saison : Indépendant,Miglior giocatore della stagione: Indie,Bester Spieler der Saison: Indie,Mejor jugador de la temporada: Independiente,أفضل لاعب في الموسم: مستقل,시즌 최고 인디 선수,Melhor jogador da temporada: Independente,Лучший игрок сезона в категории «Инди»,賽季最佳獨立選手,Najlepszy zawodnik sezonu: Niezależny,资源名
resource.name.084,"资源名：JFES130,JFES180；分类：资源文件",赛季最佳独立选手提名,ノミネート：シーズン最高のインディー選手,Nominee: Season Best Indie Player,Nomination : meilleur joueur de la saison – Indépendant,Candidatura: miglior giocatore della stagione – Indie,Nominiert: bester Spieler der Saison – Indie,Nominación: mejor jugador de la temporada – Independiente,ترشيح: أفضل لاعب في الموسم – مستقل,시즌 최고 인디 선수 후보,Indicado: melhor jogador da temporada – Independente,Номинация: лучший игрок сезона в категории «Инди»,賽季最佳獨立選手提名,Nominacja: najlepszy zawodnik sezonu – Niezależny,资源名
resource.name.085,资源名：JFES130；分类：资源文件,赛季最佳多人运动选手,シーズン最高のマルチプレイ選手,Season Best Multiplayer Player,Meilleur joueur de la saison : Multijoueur,Miglior giocatore della stagione: Multigiocatore,Bester Spieler der Saison: Mehrspieler,Mejor jugador de la temporada: Multijugador,أفضل لاعب في الموسم: تعدد اللاعبين,시즌 최고 멀티플레이어 선수,Melhor jogador da temporada: Multijogador,Лучший игрок сезона в категории «Многопользовательский»,賽季最佳多人運動選手,Najlepszy zawodnik sezonu: Wieloosobowy,资源名
resource.name.086,资源名：JFES130；分类：资源文件,赛季最佳多人运动选手提名,ノミネート：シーズン最高のマルチプレイ選手,Nominee: Season Best Multiplayer Player,Nomination : meilleur joueur de la saison – Multijoueur,Candidatura: miglior giocatore della stagione – Multigiocatore,Nominiert: bester Spieler der Saison – Mehrspieler,Nominación: mejor jugador de la temporada – Multijugador,ترشيح: أفضل لاعب في الموسم – تعدد اللاعبين,시즌 최고 멀티플레이어 선수 후보,Indicado: melhor jogador da temporada – Multijogador,Номинация: лучший игрок сезона в категории «Многопользовательский»,賽季最佳多人運動選手提名,Nominacja: najlepszy zawodnik sezonu – Wieloosobowy,资源名
resource.name.087,资源名：JFES130；分类：资源文件,赛季最佳花样运动选手,シーズン最高のアーティスティックスポーツ選手,Season Best Artistic Sports Player,Meilleur joueur de la saison : Sports artistiques,Miglior giocatore della stagione: Sport artistici,Bester Spieler der Saison: Artistiksport,Mejor jugador de la temporada: Deportes artísticos,أفضل لاعب في الموسم: الرياضات الفنية,시즌 최고 예술 스포츠 선수,Melhor jogador da temporada: Esportes artísticos,Лучший игрок сезона в категории «Артистичные виды спорта»,賽季最佳花式運動選手,Najlepszy zawodnik sezonu: Sporty artystyczne,资源名
resource.name.088,资源名：JFES130；分类：资源文件,赛季最佳花样运动选手提名,ノミネート：シーズン最高のアーティスティックスポーツ選手,Nominee: Season Best Artistic Sports Player,Nomination : meilleur joueur de la saison – Sports artistiques,Candidatura: miglior giocatore della stagione – Sport artistici,Nominiert: bester Spieler der Saison – Artistiksport,Nominación: mejor jugador de la temporada – Deportes artísticos,ترشيح: أفضل لاعب في الموسم – الرياضات الفنية,시즌 최고 예술 스포츠 선수 후보,Indicado: melhor jogador da temporada – Esportes artísticos,Номинация: лучший игрок сезона в категории «Артистичные виды спорта»,賽季最佳花式運動選手提名,Nominacja: najlepszy zawodnik sezonu – Sporty artystyczne,资源名
resource.name.089,"资源名：JFES130,JFES180；分类：资源文件",赛季最佳技巧选手,シーズン最高のスキル選手,Season Best Skill Player,Meilleur joueur de la saison : Habileté,Miglior giocatore della stagione: Abilità,Bester Spieler der Saison: Geschick,Mejor jugador de la temporada: Habilidad,أفضل لاعب في الموسم: المهارة,시즌 최고 기술 선수,Melhor jogador da temporada: Habilidade,Лучший игрок сезона в категории «Мастерство»,賽季最佳技巧選手,Najlepszy zawodnik sezonu: Zręczność,资源名
resource.name.090,"资源名：JFES130,JFES180；分类：资源文件",赛季最佳技巧选手提名,ノミネート：シーズン最高のスキル選手,Nominee: Season Best Skill Player,Nomination : meilleur joueur de la saison – Habileté,Candidatura: miglior giocatore della stagione – Abilità,Nominiert: bester Spieler der Saison – Geschick,Nominación: mejor jugador de la temporada – Habilidad,ترشيح: أفضل لاعب في الموسم – المهارة,시즌 최고 기술 선수 후보,Indicado: melhor jogador da temporada – Habilidade,Номинация: лучший игрок сезона в категории «Мастерство»,賽季最佳技巧選手提名,Nominacja: najlepszy zawodnik sezonu – Zręczność,资源名
resource.name.091,"资源名：JFES130,JFES180；分类：资源文件",赛季最佳技术选手,シーズン最高のテクニック選手,Season Best Technique Player,Meilleur joueur de la saison : Technique,Miglior giocatore della stagione: Tecnica,Bester Spieler der Saison: Technik,Mejor jugador de la temporada: Técnica,أفضل لاعب في الموسم: التقنية,시즌 최고 테크닉 선수,Melhor jogador da temporada: Técnica,Лучший игрок сезона в категории «Техника»,賽季最佳技術選手,Najlepszy zawodnik sezonu: Technika,资源名
resource.name.092,"资源名：JFES130,JFES180；分类：资源文件",赛季最佳技术选手提名,ノミネート：シーズン最高のテクニック選手,Nominee: Season Best Technique Player,Nomination : meilleur joueur de la saison – Technique,Candidatura: miglior giocatore della stagione – Tecnica,Nominiert: bester Spieler der Saison – Technik,Nominación: mejor jugador de la temporada – Técnica,ترشيح: أفضل لاعب في الموسم – التقنية,시즌 최고 테크닉 선수 후보,Indicado: melhor jogador da temporada – Técnica,Номинация: лучший игрок сезона в категории «Техника»,賽季最佳技術選手提名,Nominacja: najlepszy zawodnik sezonu – Technika,资源名
resource.name.093,"资源名：JFES130,JFES180；分类：资源文件",赛季最佳乐观选手,シーズン最高の楽観選手,Season Best Optimism Player,Meilleur joueur de la saison : Optimisme,Miglior giocatore della stagione: Ottimismo,Bester Spieler der Saison: Optimismus,Mejor jugador de la temporada: Optimismo,أفضل لاعب في الموسم: التفاؤل,시즌 최고 낙관 선수,Melhor jogador da temporada: Otimismo,Лучший игрок сезона в категории «Оптимизм»,賽季最佳樂觀選手,Najlepszy zawodnik sezonu: Optymizm,资源名
resource.name.094,"资源名：JFES130,JFES180；分类：资源文件",赛季最佳乐观选手提名,ノミネート：シーズン最高の楽観選手,Nominee: Season Best Optimism Player,Nomination : meilleur joueur de la saison – Optimisme,Candidatura: miglior giocatore della stagione – Ottimismo,Nominiert: bester Spieler der Saison – Optimismus,Nominación: mejor jugador de la temporada – Optimismo,ترشيح: أفضل لاعب في الموسم – التفاؤل,시즌 최고 낙관 선수 후보,Indicado: melhor jogador da temporada – Otimismo,Номинация: лучший игрок сезона в категории «Оптимизм»,賽季最佳樂觀選手提名,Nominacja: najlepszy zawodnik sezonu – Optymizm,资源名
resource.name.095,"资源名：JFES130,JFES180；分类：资源文件",赛季最佳陪跑选手,シーズン最高の準優勝選手,Season Best Runner-Up Player,Meilleur joueur de la saison : Dauphin,Miglior giocatore della stagione: Secondo classificato,Bester Spieler der Saison: Zweitplatzierter,Mejor jugador de la temporada: Subcampeón,أفضل لاعب في الموسم: الوصيف,시즌 최고 준우승 선수,Melhor jogador da temporada: Vice-campeão,Лучший игрок сезона в категории «Второе место»,賽季最佳陪跑選手,Najlepszy zawodnik sezonu: Drugie miejsce,资源名
resource.name.096,"资源名：JFES130,JFES180；分类：资源文件",赛季最佳陪跑选手提名,ノミネート：シーズン最高の準優勝選手,Nominee: Season Best Runner-Up Player,Nomination : meilleur joueur de la saison – Dauphin,Candidatura: miglior giocatore della stagione – Secondo classificato,Nominiert: bester Spieler der Saison – Zweitplatzierter,Nominación: mejor jugador de la temporada – Subcampeón,ترشيح: أفضل لاعب في الموسم – الوصيف,시즌 최고 준우승 선수 후보,Indicado: melhor jogador da temporada – Vice-campeão,Номинация: лучший игрок сезона в категории «Второе место»,賽季最佳陪跑選手提名,Nominacja: najlepszy zawodnik sezonu – Drugie miejsce,资源名
resource.name.097,"资源名：JFES130,JFES180；分类：资源文件",赛季最佳潜水选手,シーズン最高のダイビング選手,Season Best Diving Player,Meilleur joueur de la saison : Plongée,Miglior giocatore della stagione: Immersioni,Bester Spieler der Saison: Tauchen,Mejor jugador de la temporada: Buceo,أفضل لاعب في الموسم: الغوص,시즌 최고 잠수 선수,Melhor jogador da temporada: Mergulho,Лучший игрок сезона в категории «Дайвинг»,賽季最佳潛水選手,Najlepszy zawodnik sezonu: Nurkowanie,资源名
resource.name.098,"资源名：JFES130,JFES180；分类：资源文件",赛季最佳潜水选手提名,ノミネート：シーズン最高のダイビング選手,Nominee: Season Best Diving Player,Nomination : meilleur joueur de la saison – Plongée,Candidatura: miglior giocatore della stagione – Immersioni,Nominiert: bester Spieler der Saison – Tauchen,Nominación: mejor jugador de la temporada – Buceo,ترشيح: أفضل لاعب في الموسم – الغوص,시즌 최고 잠수 선수 후보,Indicado: melhor jogador da temporada – Mergulho,Номинация: лучший игрок сезона в категории «Дайвинг»,賽季最佳潛水選手提名,Nominacja: najlepszy zawodnik sezonu – Nurkowanie,资源名
resource.name.099,"资源名：JFES130,JFES180；分类：资源文件",赛季最佳球类运动选手,シーズン最高の球技選手,Season Best Ball Sports Player,Meilleur joueur de la saison : Sports de ballon,Miglior giocatore della stagione: Sport con la palla,Bester Spieler der Saison: Ballsport,Mejor jugador de la temporada: Deportes de pelota,أفضل لاعب في الموسم: الرياضات الكروية,시즌 최고 구기 종목 선수,Melhor jogador da temporada: Esportes com bola,Лучший игрок сезона в категории «Игровые виды спорта»,賽季最佳球類運動選手,Najlepszy zawodnik sezonu: Sporty z piłką,资源名
resource.name.100,"资源名：JFES130,JFES180；分类：资源文件",赛季最佳球类运动选手提名,ノミネート：シーズン最高の球技選手,Nominee: Season Best Ball Sports Player,Nomination : meilleur joueur de la saison – Sports de ballon,Candidatura: miglior giocatore della stagione – Sport con la palla,Nominiert: bester Spieler der Saison – Ballsport,Nominación: mejor jugador de la temporada – Deportes de pelota,ترشيح: أفضل لاعب في الموسم – الرياضات الكروية,시즌 최고 구기 종목 선수 후보,Indicado: melhor jogador da temporada – Esportes com bola,Номинация: лучший игрок сезона в категории «Игровые виды спорта»,賽季最佳球類運動選手提名,Nominacja: najlepszy zawodnik sezonu – Sporty z piłką,资源名
resource.name.101,资源名：JFES180；分类：资源文件,赛季最佳三铁运动选手,シーズン最高のトライアスロン選手,Season Best Triathlon Player,Meilleur joueur de la saison : Triathlon,Miglior giocatore della stagione: Triathlon,Bester Spieler der Saison: Triathlon,Mejor jugador de la temporada: Triatlón,أفضل لاعب في الموسم: الترياثلون,시즌 최고 트라이애슬론 선수,Melhor jogador da temporada: Triatlo,Лучший игрок сезона в категории «Триатлон»,賽季最佳三鐵運動選手,Najlepszy zawodnik sezonu: Triathlon,资源名
resource.name.102,资源名：JFES180；分类：资源文件,赛季最佳三铁运动选手提名,ノミネート：シーズン最高のトライアスロン選手,Nominee: Season Best Triathlon Player,Nomination : meilleur joueur de la saison – Triathlon,Candidatura: miglior giocatore della stagione – Triathlon,Nominiert: bester Spieler der Saison – Triathlon,Nominación: mejor jugador de la temporada – Triatlón,ترشيح: أفضل لاعب في الموسم – الترياثلون,시즌 최고 트라이애슬론 선수 후보,Indicado: melhor jogador da temporada – Triatlo,Номинация: лучший игрок сезона в категории «Триатлон»,賽季最佳三鐵運動選手提名,Nominacja: najlepszy zawodnik sezonu – Triathlon,资源名
resource.name.103,资源名：JFES130；分类：资源文件,赛季最佳首秀选手,シーズン最高のデビュー選手,Season Best Debut Player,Meilleur joueur de la saison : Début,Miglior giocatore della stagione: Debutto,Bester Spieler der Saison: Debüt,Mejor jugador de la temporada: Debut,أفضل لاعب في الموسم: الظهور الأول,시즌 최고 데뷔 선수,Melhor jogador da temporada: Estreia,Лучший игрок сезона в категории «Дебют»,賽季最佳首秀選手,Najlepszy zawodnik sezonu: Debiut,资源名
resource.name.104,资源名：JFES130；分类：资源文件,赛季最佳首秀选手提名,ノミネート：シーズン最高のデビュー選手,Nominee: Season Best Debut Player,Nomination : meilleur joueur de la saison – Début,Candidatura: miglior giocatore della stagione – Debutto,Nominiert: bester Spieler der Saison – Debüt,Nominación: mejor jugador de la temporada – Debut,ترشيح: أفضل لاعب في الموسم – الظهور الأول,시즌 최고 데뷔 선수 후보,Indicado: melhor jogador da temporada – Estreia,Номинация: лучший игрок сезона в категории «Дебют»,賽季最佳首秀選手提名,Nominacja: najlepszy zawodnik sezonu – Debiut,资源名
resource.name.105,"资源名：JFES130,JFES180；分类：资源文件",赛季最佳速决运动选手,シーズン最高のスピードラン選手,Season Best Speedrun Player,Meilleur joueur de la saison : Speedrun,Miglior giocatore della stagione: Speedrun,Bester Spieler der Saison: Speedrun,Mejor jugador de la temporada: Speedrun,أفضل لاعب في الموسم: سبيدرن,시즌 최고 스피드런 선수,Melhor jogador da temporada: Speedrun,Лучший игрок сезона в категории «Спидран»,賽季最佳速通運動選手,Najlepszy zawodnik sezonu: Speedrun,资源名
resource.name.106,"资源名：JFES130,JFES180；分类：资源文件",赛季最佳速决运动选手提名,ノミネート：シーズン最高のスピードラン選手,Nominee: Season Best Speedrun Player,Nomination : meilleur joueur de la saison – Speedrun,Candidatura: miglior giocatore della stagione – Speedrun,Nominiert: bester Spieler der Saison – Speedrun,Nominación: mejor jugador de la temporada – Speedrun,ترشيح: أفضل لاعب في الموسم – سبيدرن,시즌 최고 스피드런 선수 후보,Indicado: melhor jogador da temporada – Speedrun,Номинация: лучший игрок сезона в категории «Спидран»,賽季最佳速通運動選手提名,Nominacja: najlepszy zawodnik sezonu – Speedrun,资源名
resource.name.107,"资源名：JFES130,JFES180；分类：资源文件",赛季最佳田径运动选手,シーズン最高の陸上競技選手,Season Best Athletics Player,Meilleur joueur de la saison : Athlétisme,Miglior giocatore della stagione: Atletica,Bester Spieler der Saison: Leichtathletik,Mejor jugador de la temporada: Atletismo,أفضل لاعب في الموسم: ألعاب القوى,시즌 최고 육상 선수,Melhor jogador da temporada: Atletismo,Лучший игрок сезона в категории «Лёгкая атлетика»,賽季最佳田徑運動選手,Najlepszy zawodnik sezonu: Lekkoatletyka,资源名
resource.name.108,"资源名：JFES130,JFES180；分类：资源文件",赛季最佳田径运动选手提名,ノミネート：シーズン最高の陸上競技選手,Nominee: Season Best Athletics Player,Nomination : meilleur joueur de la saison – Athlétisme,Candidatura: miglior giocatore della stagione – Atletica,Nominiert: bester Spieler der Saison – Leichtathletik,Nominación: mejor jugador de la temporada – Atletismo,ترشيح: أفضل لاعب في الموسم – ألعاب القوى,시즌 최고 육상 선수 후보,Indicado: melhor jogador da temporada – Atletismo,Номинация: лучший игрок сезона в категории «Лёгкая атлетика»,賽季最佳田徑運動選手提名,Nominacja: najlepszy zawodnik sezonu – Lekkoatletyka,资源名
resource.name.109,资源名：JFES180；分类：资源文件,赛季最佳香槟选手,シーズン最高のシャンパン選手,Season Best Champagne Player,Meilleur joueur de la saison : Champagne,Miglior giocatore della stagione: Champagne,Bester Spieler der Saison: Champagner,Mejor jugador de la temporada: Champán,أفضل لاعب في الموسم: الشمبانيا,시즌 최고 샴페인 선수,Melhor jogador da temporada: Champanhe,Лучший игрок сезона в категории «Шампанское»,賽季最佳香檳選手,Najlepszy zawodnik sezonu: Szampan,资源名
resource.name.110,资源名：JFES180；分类：资源文件,赛季最佳香槟选手提名,ノミネート：シーズン最高のシャンパン選手,Nominee: Season Best Champagne Player,Nomination : meilleur joueur de la saison – Champagne,Candidatura: miglior giocatore della stagione – Champagne,Nominiert: bester Spieler der Saison – Champagner,Nominación: mejor jugador de la temporada – Champán,ترشيح: أفضل لاعب في الموسم – الشمبانيا,시즌 최고 샴페인 선수 후보,Indicado: melhor jogador da temporada – Champanhe,Номинация: лучший игрок сезона в категории «Шампанское»,賽季最佳香檳選手提名,Nominacja: najlepszy zawodnik sezonu – Szampan,资源名
resource.name.111,"资源名：JFES130,JFES180；分类：资源文件",赛季最佳选手,シーズン最高選手,Season Best Player,Meilleur joueur de la saison,Miglior giocatore della stagione,Bester Spieler der Saison,Mejor jugador de la temporada,أفضل لاعب في الموسم,시즌 최고 선수,Melhor jogador da temporada,Лучший игрок сезона,賽季最佳選手,Najlepszy zawodnik sezonu,资源名
resource.name.112,"资源名：JFES130,JFES180；分类：资源文件",赛季最佳选手提名,ノミネート：シーズン最高選手,Season Best Player Nominee,Nomination : meilleur joueur de la saison,Candidatura: miglior giocatore della stagione,Nominiert: bester Spieler der Saison,Nominación: mejor jugador de la temporada,ترشيح: أفضل لاعب في الموسم,시즌 최고 선수 후보,Indicado: melhor jogador da temporada,Номинация: лучший игрок сезона,賽季最佳選手提名,Nominacja: najlepszy zawodnik sezonu,资源名
resource.name.113,"资源名：JFES130,JFES180；分类：资源文件",赛季最佳选手之声选手,シーズン最高のプレイヤーズボイス選手,Season Best Players’ Voice Player,Meilleur joueur de la saison : Voix des joueurs,Miglior giocatore della stagione: Voce dei giocatori,Bester Spieler der Saison: Spielerstimme,Mejor jugador de la temporada: Voz de los jugadores,أفضل لاعب في الموسم: صوت اللاعبين,시즌 최고 플레이어의 목소리 선수,Melhor jogador da temporada: Voz dos jogadores,Лучший игрок сезона в категории «Голос игроков»,賽季最佳選手之聲選手,Najlepszy zawodnik sezonu: Głos graczy,资源名
resource.name.114,"资源名：JFES130,JFES180；分类：资源文件",赛季最佳选手之声选手提名,ノミネート：シーズン最高のプレイヤーズボイス選手,Nominee: Season Best Players’ Voice Player,Nomination : meilleur joueur de la saison – Voix des joueurs,Candidatura: miglior giocatore della stagione – Voce dei giocatori,Nominiert: bester Spieler der Saison – Spielerstimme,Nominación: mejor jugador de la temporada – Voz de los jugadores,ترشيح: أفضل لاعب في الموسم – صوت اللاعبين,시즌 최고 플레이어의 목소리 선수 후보,Indicado: melhor jogador da temporada – Voz dos jogadores,Номинация: лучший игрок сезона в категории «Голос игроков»,賽季最佳選手之聲選手提名,Nominacja: najlepszy zawodnik sezonu – Głos graczy,资源名
resource.name.115,资源名：JFES180；分类：资源文件,赛季最佳遗产选手,シーズン最高のレガシー選手,Season Best Legacy Player,Meilleur joueur de la saison : Héritage,Miglior giocatore della stagione: Eredità,Bester Spieler der Saison: Vermächtnis,Mejor jugador de la temporada: Legado,أفضل لاعب في الموسم: الإرث,시즌 최고 유산 선수,Melhor jogador da temporada: Legado,Лучший игрок сезона в категории «Наследие»,賽季最佳遺產選手,Najlepszy zawodnik sezonu: Dziedzictwo,资源名
resource.name.116,资源名：JFES180；分类：资源文件,赛季最佳遗产选手提名,ノミネート：シーズン最高のレガシー選手,Nominee: Season Best Legacy Player,Nomination : meilleur joueur de la saison – Héritage,Candidatura: miglior giocatore della stagione – Eredità,Nominiert: bester Spieler der Saison – Vermächtnis,Nominación: mejor jugador de la temporada – Legado,ترشيح: أفضل لاعب في الموسم – الإرث,시즌 최고 유산 선수 후보,Indicado: melhor jogador da temporada – Legado,Номинация: лучший игрок сезона в категории «Наследие»,賽季最佳遺產選手提名,Nominacja: najlepszy zawodnik sezonu – Dziedzictwo,资源名
resource.name.117,"资源名：JFES130,JFES180；分类：资源文件",赛季最佳硬核运动选手,シーズン最高のハードコアスポーツ選手,Season Best Hardcore Sports Player,Meilleur joueur de la saison : Sports hardcore,Miglior giocatore della stagione: Sport hardcore,Bester Spieler der Saison: Hardcore-Sport,Mejor jugador de la temporada: Deportes hardcore,أفضل لاعب في الموسم: رياضات هاردكور,시즌 최고 하드코어 스포츠 선수,Melhor jogador da temporada: Esportes hardcore,Лучший игрок сезона в категории «Хардкорные виды спорта»,賽季最佳硬核運動選手,Najlepszy zawodnik sezonu: Sporty hardcore,资源名
resource.name.118,"资源名：JFES130,JFES180；分类：资源文件",赛季最佳硬核运动选手提名,ノミネート：シーズン最高のハードコアスポーツ選手,Nominee: Season Best Hardcore Sports Player,Nomination : meilleur joueur de la saison – Sports hardcore,Candidatura: miglior giocatore della stagione – Sport hardcore,Nominiert: bester Spieler der Saison – Hardcore-Sport,Nominación: mejor jugador de la temporada – Deportes hardcore,ترشيح: أفضل لاعب في الموسم – رياضات هاردكور,시즌 최고 하드코어 스포츠 선수 후보,Indicado: melhor jogador da temporada – Esportes hardcore,Номинация: лучший игрок сезона в категории «Хардкорные виды спорта»,賽季最佳硬核運動選手提名,Nominacja: najlepszy zawodnik sezonu – Sporty hardcore,资源名
resource.name.119,"资源名：JFES130,JFES180；分类：资源文件",赛季最佳运气选手,シーズン最高の運選手,Season Best Luck Player,Meilleur joueur de la saison : Chance,Miglior giocatore della stagione: Fortuna,Bester Spieler der Saison: Glück,Mejor jugador de la temporada: Suerte,أفضل لاعب في الموسم: الحظ,시즌 최고 운 선수,Melhor jogador da temporada: Sorte,Лучший игрок сезона в категории «Удача»,賽季最佳運氣選手,Najlepszy zawodnik sezonu: Szczęście,资源名
resource.name.120,"资源名：JFES130,JFES180；分类：资源文件",赛季最佳运气选手提名,ノミネート：シーズン最高の運選手,Nominee: Season Best Luck Player,Nomination : meilleur joueur de la saison – Chance,Candidatura: miglior giocatore della stagione – Fortuna,Nominiert: bester Spieler der Saison – Glück,Nominación: mejor jugador de la temporada – Suerte,ترشيح: أفضل لاعب في الموسم – الحظ,시즌 최고 운 선수 후보,Indicado: melhor jogador da temporada – Sorte,Номинация: лучший игрок сезона в категории «Удача»,賽季最佳運氣選手提名,Nominacja: najlepszy zawodnik sezonu – Szczęście,资源名
resource.name.121,资源名：JFES130；分类：资源文件,时间区间表,時間帯表,Time Interval Table,Tableau des intervalles,Tabella degli intervalli,Zeitintervall-Tabelle,Tabla de intervalos,جدول الفترات الزمنية,시간 구간표,Tabela de intervalos,Таблица интервалов,時間區間表,Tabela przedziałów czasowych,资源名
resource.name.122,资源名：JFES170；分类：宣传文件,实绩,記録,Records,Palmarès,Risultati,Erfolge,Registros,السجلات,기록,Registros,Достижения,實績,Osiągnięcia,资源名
resource.name.123,"资源名：JFES110,JFES120,JFES190；分类：宣传文件",说明,説明,Description,Description,Descrizione,Beschreibung,Descripción,الوصف,설명,Descrição,Описание,說明,Opis,资源名
resource.name.124,资源名：JFES130；分类：资源文件,糖豆人通缉令,糖豆人の手配書,Tángdouren Wanted Poster,Avis de recherche : Tángdouren,Manifesto dei ricercati: Tángdouren,Steckbrief: Tángdouren,Cartel de búsqueda: Tángdouren,ملصق مطلوب: Tángdouren,糖豆人 수배 전단,Cartaz de procurado: Tángdouren,Плакат «Разыскивается»: Tángdouren,糖豆人通緝令,List gończy: Tángdouren,资源名
resource.name.125,"资源名：JFES130,JFES180；分类：资源文件",躺豆人通缉令,躺豆人の手配書,Tǎngdouren Wanted Poster,Avis de recherche : Tǎngdouren,Manifesto dei ricercati: Tǎngdouren,Steckbrief: Tǎngdouren,Cartel de búsqueda: Tǎngdouren,ملصق مطلوب: Tǎngdouren,躺豆人 수배 전단,Cartaz de procurado: Tǎngdouren,Плакат «Разыскивается»: Tǎngdouren,躺豆人通緝令,List gończy: Tǎngdouren,资源名
resource.name.126,资源名：JFES130；分类：资源文件,桃夭通缉令,桃夭の手配書,Taoyao Wanted Poster,Avis de recherche : Taoyao,Manifesto dei ricercati: Taoyao,Steckbrief: Taoyao,Cartel de búsqueda: Taoyao,ملصق مطلوب: Taoyao,桃夭 수배 전단,Cartaz de procurado: Taoyao,Плакат «Разыскивается»: Taoyao,桃夭通緝令,List gończy: Taoyao,资源名
resource.name.127,资源名：JFES130；分类：成绩文件,跳远成绩,走り幅跳び成績,Long Jump Results,Résultats de Saut en longueur,Risultati di Salto in lungo,Weitsprung-Ergebnisse,Resultados de Salto de longitud,نتائج الوثب الطويل,멀리뛰기 결과,Resultados de Salto em distância,Результаты: Прыжки в длину,跳遠成績,Wyniki: Skok w dal,资源名
resource.name.128,资源名：JFES120；分类：资源文件,庭院地图,庭園マップ,Courtyard Map,Carte de la cour,Mappa del cortile,Innenhof-Karte,Mapa del patio,خريطة الفناء,안뜰 지도,Mapa do pátio,Карта внутреннего двора,庭院地圖,Mapa dziedzińca,资源名
resource.name.129,"资源名：JFES110,JFES115,JFES130,JFES140,JFES150,JFES160,JFES175；分类：宣传文件",先导,ティザー,Teaser,Teaser,Teaser,Teaser,Avance,إعلان تشويقي,티저,Teaser,Тизер,先導,Zwiastun,资源名
resource.name.130,"资源名：JFES130,JFES180；分类：宣传文件",悬赏,懸賞,Bounty,Prime,Taglia,Kopfgeld,Recompensa,مكافأة,현상금,Recompensa,Награда,懸賞,Nagroda,资源名
resource.name.131,资源名：JFES180；分类：成绩文件,雪橇车成绩,ボブスレー成績,Bobsleigh Results,Résultats de Bobsleigh,Risultati di Bob,Bobsleigh-Ergebnisse,Resultados de Bobsleigh,نتائج الزحافات الثلجية,봅슬레이 결과,Resultados de Bobsled,Результаты: Бобслей,雪橇車成績,Wyniki: Bobsleje,资源名
resource.name.132,资源名：JFES130；分类：成绩文件,游泳成绩,水泳成績,Swimming Results,Résultats de Natation,Risultati di Nuoto,Schwimmen-Ergebnisse,Resultados de Natación,نتائج سباحة,수영 결과,Resultados de Natação,Результаты: Плавание,游泳成績,Wyniki: Pływanie,资源名
resource.name.133,"资源名：JFES110,JFES115,JFES120,JFES130,JFES140,JFES150,JFES160,JFES170,JFES175,JFES190；分类：宣传文件",予告,予告,Preview,Aperçu,Anteprima,Vorschau,Avance,عرض تمهيدي,예고,Prévia,Тизер,預告,Zapowiedź,资源名
resource.name.134,"资源名：JFES130,JFES180；分类：资源文件",炸鸡通缉令,炸鸡の手配書,Zhaji Wanted Poster,Avis de recherche : Zhaji,Manifesto dei ricercati: Zhaji,Steckbrief: Zhaji,Cartel de búsqueda: Zhaji,ملصق مطلوب: Zhaji,炸鸡 수배 전단,Cartaz de procurado: Zhaji,Плакат «Разыскивается»: Zhaji,炸雞通緝令,List gończy: Zhaji,资源名
resource.name.135,资源名：JFES130；分类：成绩文件,震荡球成绩,ショックボール成績,Shock Ball Results,Résultats de Balle de choc,Risultati di Palla shock,Schockball-Ergebnisse,Resultados de Bola de impacto,نتائج كرة الصدم,쇼크 볼 결과,Resultados de Bola de choque,Результаты: Шок-бол,震盪球成績,Wyniki: Piłka szokowa,资源名
resource.name.136,"资源名：JFES130,JFES180；分类：成绩文件",正赛总成绩,本戦総合成績,Main Tournament Overall Results,Résultats de Tournoi principal – classement général,Risultati di Torneo principale – classifica generale,Hauptturnier – Gesamtwertung-Ergebnisse,Resultados de Torneo principal – clasificación general,نتائج مجموع البطولة الرئيسية,본선 종합 결과,Resultados de Torneio principal – classificação geral,Результаты: Основной турнир – общий зачёт,正賽總成績,Wyniki: Turniej główny – klasyfikacja generalna,资源名
resource.name.137,资源名：JFES170；分类：宣传文件,周年活动对比,周年イベント比較,Anniversary Event Comparison,Comparaison des événements anniversaires,Confronto degli eventi anniversario,Vergleich der Jubiläumsveranstaltungen,Comparación de eventos de aniversario,مقارنة فعاليات الذكرى,기념일 이벤트 비교,Comparação dos eventos de aniversário,Сравнение юбилейных событий,週年活動對比,Porównanie wydarzeń rocznicowych,资源名
resource.name.138,资源名：JFES130；分类：成绩文件,猪需要背背成绩,おんぶ成績,Piggyback Results,Résultats de Porté,Risultati di In spalla,Huckepack-Ergebnisse,Resultados de A cuestas,نتائج حمل على الظهر,업어주기 결과,Resultados de Cavalinho,Результаты: На закорках,豬需要背背成績,Wyniki: Na barana,资源名
resource.name.139,资源名：JFES130；分类：宣传文件,追加平局规则,追加の引き分けルール,Additional Tiebreaker Rules,Règles supplémentaires en cas d’égalité,Regole supplementari per i pareggi,Zusätzliche Regeln für Gleichstand,Reglas adicionales de desempate,قواعد إضافية للتعادل,추가 동점 규칙,Regras adicionais de desempate,Дополнительные правила при ничьей,追加平局規則,Dodatkowe zasady remisu,资源名
resource.name.140,"资源名：JFES130,JFES180；分类：资源文件",最多提名选手,最多ノミネート選手,Most Nominated Player,Joueur le plus nommé,Giocatore con più candidature,Meistnominierter Spieler,Jugador más nominado,اللاعب الأكثر ترشيحًا,최다 후보 선수,Jogador mais indicado,Игрок с наибольшим числом номинаций,最多提名選手,Najczęściej nominowany zawodnik,资源名
resource.name.141,"资源名：JFES130,JFES180；分类：资源文件",miss通缉令,missの手配書,miss Wanted Poster,Avis de recherche : miss,Manifesto dei ricercati: miss,Steckbrief: miss,Cartel de búsqueda: miss,ملصق مطلوب: miss,miss 수배 전단,Cartaz de procurado: miss,Плакат «Разыскивается»: miss,miss通緝令,List gończy: miss,资源名
resource.name.142,资源名：JFES180；分类：资源文件,Myth通缉令,Mythの手配書,Myth Wanted Poster,Avis de recherche : Myth,Manifesto dei ricercati: Myth,Steckbrief: Myth,Cartel de búsqueda: Myth,ملصق مطلوب: Myth,Myth 수배 전단,Cartaz de procurado: Myth,Плакат «Разыскивается»: Myth,Myth通緝令,List gończy: Myth,资源名
resource.name.143,资源名：JFES170；分类：宣传文件,SSS评价,SSS評価,SSS Rating,Évaluation SSS,Valutazione SSS,SSS-Bewertung,Valoración SSS,تقييم SSS,SSS 평가,Avaliação SSS,Рейтинг SSS,SSS評價,Ocena SSS,资源名
resource.name.144,资源名：JFES130；分类：资源文件,Tori通缉令,Toriの手配書,Tori Wanted Poster,Avis de recherche : Tori,Manifesto dei ricercati: Tori,Steckbrief: Tori,Cartel de búsqueda: Tori,ملصق مطلوب: Tori,Tori 수배 전단,Cartaz de procurado: Tori,Плакат «Разыскивается»: Tori,Tori通緝令,List gończy: Tori,资源名
resource.schedule.001,日程名：JFES130；日期：2026-04-03,奥运会：第1天,OP：第1日,OP: Day 1,OP: Jour 1,OP: Giorno 1,OP: Tag 1,OP: Día 1,OP: اليوم 1,OP: 1일차,OP: Dia 1,OP: День 1,奧運會：第1天,OP: Dzień 1,日程名
resource.schedule.002,日程名：JFES130；日期：2026-04-17,奥运会：第2/3天,OP：第2/3日,OP: Day 2/3,OP: Jour 2/3,OP: Giorno 2/3,OP: Tag 2/3,OP: Día 2/3,OP: اليوم 2/3,OP: 2/3일차,OP: Dia 2/3,OP: День 2/3,奧運會：第2/3天,OP: Dzień 2/3,日程名
resource.schedule.003,日程名：JFES130；日期：2026-04-18,奥运会：第4天,OP：第4日,OP: Day 4,OP: Jour 4,OP: Giorno 4,OP: Tag 4,OP: Día 4,OP: اليوم 4,OP: 4일차,OP: Dia 4,OP: День 4,奧運會：第4天,OP: Dzień 4,日程名
resource.schedule.004,日程名：JFES130；日期：2026-04-19,奥运会：第5天,OP：第5日,OP: Day 5,OP: Jour 5,OP: Giorno 5,OP: Tag 5,OP: Día 5,OP: اليوم 5,OP: 5일차,OP: Dia 5,OP: День 5,奧運會：第5天,OP: Dzień 5,日程名
resource.schedule.005,日程名：JFES130；日期：2026-04-25,奥运会：第6天,OP：第6日,OP: Day 6,OP: Jour 6,OP: Giorno 6,OP: Tag 6,OP: Día 6,OP: اليوم 6,OP: 6일차,OP: Dia 6,OP: День 6,奧運會：第6天,OP: Dzień 6,日程名
resource.schedule.006,日程名：JFES110；日期：2026-02-15,拜年纪,FGCNYAN2026,FGCNYAN2026,FGCNYAN2026,FGCNYAN2026,FGCNYAN2026,FGCNYAN2026,FGCNYAN2026,FGCNYAN2026,FGCNYAN2026,FGCNYAN2026,拜年紀,FGCNYAN2026,日程名
resource.schedule.007,日程名：JFES110；日期：2026-05-29,拜年纪：重置,FGCNYAN2026：RE,FGCNYAN2026: RE,FGCNYAN2026: RE,FGCNYAN2026: RE,FGCNYAN2026: RE,FGCNYAN2026: RE,FGCNYAN2026: RE,FGCNYAN2026: RE,FGCNYAN2026: RE,FGCNYAN2026: RE,拜年紀：重置,FGCNYAN2026: RE,日程名
resource.schedule.008,日程名：JFES160；日期：2026-07-24,表情塔,絵文字タワー,Emoji Tower,Tour emoji,Torre emoji,Emoji-Turm,Torre emoji,برج الإيموجي,이모지 타워,Torre de emojis,Башня эмодзи,表情塔,Wieża emoji,日程名
resource.schedule.009,日程名：JFES115；日期：2026-03-03,步行街,JZTW,JZTW,JZTW,JZTW,JZTW,JZTW,JZTW,JZTW,JZTW,JZTW,步行街,JZTW,日程名
resource.schedule.010,日程名：JFES115；日期：2026-06-27,步行街：重置,JZTW：RE,JZTW: RE,JZTW: RE,JZTW: RE,JZTW: RE,JZTW: RE,JZTW: RE,JZTW: RE,JZTW: RE,JZTW: RE,步行街：重置,JZTW: RE,日程名
resource.schedule.011,日程名：JFES180；日期：2026-09-25,残奥会,パラリンピック,Paralympics,Jeux paralympiques,Paralimpiadi,Paralympics,Juegos Paralímpicos,الألعاب البارالمبية,패럴림픽,Paralimpíadas,Паралимпиада,殘奧會,Paralimpiada,日程名
resource.schedule.012,日程名：JFES190；日期：2026-10-10,导弹,TOR,TOR,TOR,TOR,TOR,TOR,TOR,TOR,TOR,TOR,導彈,TOR,日程名
resource.schedule.013,日程名：JFES180；日期：2026-09-13,冬奥会：闭幕式,OP2：閉会式,OP2: Closing Ceremony,OP2: Cérémonie de clôture,OP2: Cerimonia di chiusura,OP2: Schlussfeier,OP2: Ceremonia de clausura,OP2: حفل الختام,OP2: 폐회식,OP2: Cerimônia de encerramento,OP2: Церемония закрытия,冬奧會：閉幕式,OP2: Ceremonia zamknięcia,日程名
resource.schedule.014,日程名：JFES180；日期：2026-09-05,冬奥会：第1/2天,OP2：第1/2日,OP2: Day 1/2,OP2: Jour 1/2,OP2: Giorno 1/2,OP2: Tag 1/2,OP2: Día 1/2,OP2: اليوم 1/2,OP2: 1/2일차,OP2: Dia 1/2,OP2: День 1/2,冬奧會：第1/2天,OP2: Dzień 1/2,日程名
resource.schedule.015,日程名：JFES180；日期：2026-09-06,冬奥会：第3天,OP2：第3日,OP2: Day 3,OP2: Jour 3,OP2: Giorno 3,OP2: Tag 3,OP2: Día 3,OP2: اليوم 3,OP2: 3일차,OP2: Dia 3,OP2: День 3,冬奧會：第3天,OP2: Dzień 3,日程名
resource.schedule.016,日程名：JFES180；日期：2026-09-11,冬奥会：第4天,OP2：第4日,OP2: Day 4,OP2: Jour 4,OP2: Giorno 4,OP2: Tag 4,OP2: Día 4,OP2: اليوم 4,OP2: 4일차,OP2: Dia 4,OP2: День 4,冬奧會：第4天,OP2: Dzień 4,日程名
resource.schedule.017,日程名：JFES180；日期：2026-09-12,冬奥会：第5/6天,OP2：第5/6日,OP2: Day 5/6,OP2: Jour 5/6,OP2: Giorno 5/6,OP2: Tag 5/6,OP2: Día 5/6,OP2: اليوم 5/6,OP2: 5/6일차,OP2: Dia 5/6,OP2: День 5/6,冬奧會：第5/6天,OP2: Dzień 5/6,日程名
resource.schedule.018,日程名：JFES180；日期：2026-09-04,冬奥会：开幕式,OP2：開会式,OP2: Opening Ceremony,OP2: Cérémonie d’ouverture,OP2: Cerimonia di apertura,OP2: Eröffnungsfeier,OP2: Ceremonia de apertura,OP2: حفل الافتتاح,OP2: 개회식,OP2: Cerimônia de abertura,OP2: Церемония открытия,冬奧會：開幕式,OP2: Ceremonia otwarcia,日程名
resource.schedule.019,日程名：JFES140；日期：2026-05-16,高手：煎炸基,VP：JFC,VP: JFC,VP: JFC,VP: JFC,VP: JFC,VP: JFC,VP: JFC,VP: JFC,VP: JFC,VP: JFC,高手：煎炸基,VP: JFC,日程名
resource.schedule.020,日程名：JFES140；日期：2026-05-21,高手：煎炸基绝命危机,VP：JFCMD,VP: JFCMD,VP: JFCMD,VP: JFCMD,VP: JFCMD,VP: JFCMD,VP: JFCMD,VP: JFCMD,VP: JFCMD,VP: JFCMD,高手：煎炸基絕命危機,VP: JFCMD,日程名
resource.schedule.021,日程名：JFES140；日期：2026-05-08,高手：训练场,VP：トレーニング,VP: Training,VP: Entraînement,VP: Allenamento,VP: Training,VP: Entrenamiento,VP: تدريب,VP: 트레이닝,VP: Treino,VP: Тренировка,高手：訓練場,VP: Trening,日程名
resource.schedule.022,日程名：JFES150；日期：2026-06-13,海滩,77BVP,77BVP,77BVP,77BVP,77BVP,77BVP,77BVP,77BVP,77BVP,77BVP,海灘,77BVP,日程名
resource.schedule.023,日程名：JFES160；日期：2026-07-17,假期：创意篇,DPIJ：クリエイティブ編,DPIJ: Creative,DPIJ: Créatif,DPIJ: Creativa,DPIJ: Kreativ,DPIJ: Creativo,DPIJ: النسخة الإبداعية,DPIJ: 창의편,DPIJ: Criativo,DPIJ: Творческая,假期：創意篇,DPIJ: Kreatywna,日程名
resource.schedule.024,日程名：JFES160；日期：2026-07-03,假期：历史篇,DPIJ：歴史編,DPIJ: History,DPIJ: Histoire,DPIJ: Storia,DPIJ: Geschichte,DPIJ: Historia,DPIJ: النسخة التاريخية,DPIJ: 역사편,DPIJ: História,DPIJ: История,假期：歷史篇,DPIJ: Historia,日程名
resource.schedule.025,日程名：JFES180；日期：2026-09-26,马拉松,マラソン,Marathon,Marathon,Maratona,Marathon,Maratón,ماراثون,마라톤,Maratona,Марафон,馬拉松,Maraton,日程名
resource.schedule.026,日程名：JFES175；日期：2026-08-22,美术馆,JZTAM,JZTAM,JZTAM,JZTAM,JZTAM,JZTAM,JZTAM,JZTAM,JZTAM,JZTAM,美術館,JZTAM,日程名
resource.schedule.027,日程名：JFES190；日期：2026-10-23,生日快乐,誕生日おめでとう,Happy Birthday,Joyeux anniversaire,Buon compleanno,Alles Gute zum Geburtstag,Feliz cumpleaños,عيد ميلاد سعيد,생일 축하해,Feliz aniversário,С днём рождения,生日快樂,Wszystkiego najlepszego,日程名
resource.schedule.028,日程名：JFES170；日期：2026-08-07,糖豆节：网关1/2,FGF：ゲートウェイ1/2,FGF: Gateway 1/2,FGF: Passerelle 1/2,FGF: Portale 1/2,FGF: Tor 1/2,FGF: Portal 1/2,FGF: بوابة 1/2,FGF: 게이트웨이 1/2,FGF: Portal 1/2,FGF: Шлюз 1/2,糖豆節：網關1/2,FGF: Brama 1/2,日程名
resource.schedule.029,日程名：JFES170；日期：2026-08-08,糖豆节：网关3/4,FGF：ゲートウェイ3/4,FGF: Gateway 3/4,FGF: Passerelle 3/4,FGF: Portale 3/4,FGF: Tor 3/4,FGF: Portal 3/4,FGF: بوابة 3/4,FGF: 게이트웨이 3/4,FGF: Portal 3/4,FGF: Шлюз 3/4,糖豆節：網關3/4,FGF: Brama 3/4,日程名
resource.schedule.030,日程名：JFES170；日期：2026-08-09,糖豆节：网关5/6,FGF：ゲートウェイ5/6,FGF: Gateway 5/6,FGF: Passerelle 5/6,FGF: Portale 5/6,FGF: Tor 5/6,FGF: Portal 5/6,FGF: بوابة 5/6,FGF: 게이트웨이 5/6,FGF: Portal 5/6,FGF: Шлюз 5/6,糖豆節：網關5/6,FGF: Brama 5/6,日程名
resource.schedule.031,日程名：JFES170；日期：2026-08-14,糖豆节：网关7/8,FGF：ゲートウェイ7/8,FGF: Gateway 7/8,FGF: Passerelle 7/8,FGF: Portale 7/8,FGF: Tor 7/8,FGF: Portal 7/8,FGF: بوابة 7/8,FGF: 게이트웨이 7/8,FGF: Portal 7/8,FGF: Шлюз 7/8,糖豆節：網關7/8,FGF: Brama 7/8,日程名
resource.schedule.032,日程名：JFES170；日期：2026-08-15,糖豆节：网关9,FGF：ゲートウェイ9,FGF: Gateway 9,FGF: Passerelle 9,FGF: Portale 9,FGF: Tor 9,FGF: Portal 9,FGF: بوابة 9,FGF: 게이트웨이 9,FGF: Portal 9,FGF: Шлюз 9,糖豆節：網關9,FGF: Brama 9,日程名
resource.schedule.033,日程名：JFES130；日期：2026-04-28,猪需要背背,おんぶ,Piggyback,Porté,In spalla,Huckepack,A cuestas,حمل على الظهر,업어주기,Cavalinho,На закорках,豬需要背背,Na barana,日程名
resource.schedule.034,日程名：JFES120；日期：2026-03-13,庄园,BMI,BMI,BMI,BMI,BMI,BMI,BMI,BMI,BMI,BMI,莊園,BMI,日程名
